"STATION","NAME","LATITUDE","LONGITUDE","ELEVATION","DATE","PRCP","PRCP_ATTRIBUTES","SNWD","SNWD_ATTRIBUTES","TAVG","TAVG_ATTRIBUTES","TMAX","TMAX_ATTRIBUTES","TMIN","TMIN_ATTRIBUTES","WT01","WT01_ATTRIBUTES","WT02","WT02_ATTRIBUTES","WT03","WT03_ATTRIBUTES","WT04","WT04_ATTRIBUTES","WT05","WT05_ATTRIBUTES","WT06","WT06_ATTRIBUTES","WT08","WT08_ATTRIBUTES","WT09","WT09_ATTRIBUTES","WT10","WT10_ATTRIBUTES"
"USW00014819","CHICAGO MIDWAY AIRPORT, IL US","41.78412","-87.75514","185.8","2022-05-01","0.00","T,,W",,,,,"59",",,W","51",",,W",,,,,,,,,,,,,,,,,,
"USW00014819","CHICAGO MIDWAY AIRPORT, IL US","41.78412","-87.75514","185.8","2022-05-02","0.00","T,,W",,,,,"56",",,W","47",",,W",,,,,,,,,,,,,,,,,,
"USW00014819","CHICAGO MIDWAY AIRPORT, IL US","41.78412","-87.75514","185.8","2022-05-03","1.12",",,W",,,,,"52",",,W","45",",,W","    1",",,W",,,,,,,,,,,,,,,,
"USW00014819","CHICAGO MIDWAY AIRPORT, IL US","41.78412","-87.75514","185.8","2022-05-04","0.00",",,W",,,,,"57",",,W","42",",,W",,,,,,,,,,,,,,,,,,
"USW00014819","CHICAGO MIDWAY AIRPORT, IL US","41.78412","-87.75514","185.8","2022-05-05","0.25",",,W",,,,,"54",",,W","45",",,W","    1",",,W",,,,,,,,,,,,,,,,
"USW00014819","CHICAGO MIDWAY AIRPORT, IL US","41.78412","-87.75514","185.8","2022-05-06","0.29",",,W",,,,,"54",",,W","50",",,W","    1",",,W",,,,,,,,,,,,,,,,
"USW00014819","CHICAGO MIDWAY AIRPORT, IL US","41.78412","-87.75514","185.8","2022-05-07","0.00",",,W",,,,,"65",",,W","48",",,W",,,,,,,,,,,,,,,,,,
"USW00014819","CHICAGO MIDWAY AIRPORT, IL US","41.78412","-87.75514","185.8","2022-05-08","0.00",",,W",,,,,"69",",,W","46",",,W",,,,,,,,,,,,,,,,,,
"USW00014819","CHICAGO MIDWAY AIRPORT, IL US","41.78412","-87.75514","185.8","2022-05-09","0.00",",,W",,,,,"85",",,W","57",",,W",,,,,,,,,,,,,,,,,,
"USW00014819","CHICAGO MIDWAY AIRPORT, IL US","41.78412","-87.75514","185.8","2022-05-10","0.00",",,W",,,,,"92",",,W","70",",,W",,,,,,,,,,,,,,,,,,
"USW00014819","CHICAGO MIDWAY AIRPORT, IL US","41.78412","-87.75514","185.8","2022-05-11","0.00",",,W",,,,,"91",",,W","77",",,W",,,,,,,,,,,,,,,,,,
"USW00014819","CHICAGO MIDWAY AIRPORT, IL US","41.78412","-87.75514","185.8","2022-05-12","0.00",",,W",,,,,"95",",,W","76",",,W",,,,,,,,,,,,,,,,,,
"USW00014819","CHICAGO MIDWAY AIRPORT, IL US","41.78412","-87.75514","185.8","2022-05-13","0.00",",,W",,,,,"93",",,W","71",",,W",,,,,,,,,,,,,,,,,,
"USW00014819","CHICAGO MIDWAY AIRPORT, IL US","41.78412","-87.75514","185.8","2022-05-14","0.00","T,,W",,,,,"85",",,W","68",",,W",,,,,,,,,,,,,,,,,,
"USW00014819","CHICAGO MIDWAY AIRPORT, IL US","41.78412","-87.75514","185.8","2022-05-15","0.03",",,W",,,,,"79",",,W","59",",,W",,,,,"    1",",,W",,,,,,,,,,,,
"USW00014819","CHICAGO MIDWAY AIRPORT, IL US","41.78412","-87.75514","185.8","2022-05-16","0.00",",,W",,,,,"80",",,W","56",",,W",,,,,,,,,,,,,,,,,,
"USW00014819","CHICAGO MIDWAY AIRPORT, IL US","41.78412","-87.75514","185.8","2022-05-17","0.00","T,,W",,,,,"67",",,W","54",",,W",,,,,,,,,,,,,,,,,,
"USW00014819","CHICAGO MIDWAY AIRPORT, IL US","41.78412","-87.75514","185.8","2022-05-18","0.35",",,W",,,,,"64",",,W","55",",,W","    1",",,W",,,,,,,,,,,,,,,,
"USW00014819","CHICAGO MIDWAY AIRPORT, IL US","41.78412","-87.75514","185.8","2022-05-19","0.00","T,,W",,,,,"88",",,W","56",",,W","    1",",,W",,,,,,,,,,,,,,,,
"USW00014819","CHICAGO MIDWAY AIRPORT, IL US","41.78412","-87.75514","185.8","2022-05-20","0.49",",,W",,,,,"89",",,W","62",",,W","    1",",,W",,,"    1",",,W",,,,,,,,,,,,
"USW00014819","CHICAGO MIDWAY AIRPORT, IL US","41.78412","-87.75514","185.8","2022-05-21","0.28",",,W",,,,,"64",",,W","57",",,W","    1",",,W",,,"    1",",,W",,,,,,,,,,,,
"USW00014819","CHICAGO MIDWAY AIRPORT, IL US","41.78412","-87.75514","185.8","2022-05-22","0.00",",,W",,,,,"65",",,W","53",",,W",,,,,,,,,,,,,,,,,,
"USW00014819","CHICAGO MIDWAY AIRPORT, IL US","41.78412","-87.75514","185.8","2022-05-23","0.00",",,W",,,,,"63",",,W","48",",,W",,,,,,,,,,,,,,,,,,
"USW00014819","CHICAGO MIDWAY AIRPORT, IL US","41.78412","-87.75514","185.8","2022-05-24","0.00",",,W",,,,,"68",",,W","52",",,W",,,,,,,,,,,,,,,,,,
"USW00014819","CHICAGO MIDWAY AIRPORT, IL US","41.78412","-87.75514","185.8","2022-05-25","0.19",",,W",,,,,"83",",,W","58",",,W","    1",",,W",,,"    1",",,W",,,,,,,"    1",",,W",,,,
"USW00014819","CHICAGO MIDWAY AIRPORT, IL US","41.78412","-87.75514","185.8","2022-05-26","0.44",",,W",,,,,"79",",,W","65",",,W",,,,,"    1",",,W",,,,,,,,,,,,
"USW00014819","CHICAGO MIDWAY AIRPORT, IL US","41.78412","-87.75514","185.8","2022-05-27","0.11",",,W",,,,,"65",",,W","52",",,W","    1",",,W",,,,,,,,,,,,,,,,
"USW00014819","CHICAGO MIDWAY AIRPORT, IL US","41.78412","-87.75514","185.8","2022-05-28","0.00",",,W",,,,,"76",",,W","51",",,W",,,,,,,,,,,,,,,,,,
"USW00014819","CHICAGO MIDWAY AIRPORT, IL US","41.78412","-87.75514","185.8","2022-05-29","0.00",",,W",,,,,"87",",,W","65",",,W",,,,,,,,,,,,,,,,,,
"USW00014819","CHICAGO MIDWAY AIRPORT, IL US","41.78412","-87.75514","185.8","2022-05-30","0.00",",,W",,,,,"92",",,W","73",",,W",,,,,,,,,,,,,,,,,,
"USW00014819","CHICAGO MIDWAY AIRPORT, IL US","41.78412","-87.75514","185.8","2022-05-31","0.00",",,W",,,,,"90",",,W","75",",,W",,,,,,,,,,,,,,,,,,
"USW00014819","CHICAGO MIDWAY AIRPORT, IL US","41.78412","-87.75514","185.8","2022-06-01","0.18",",,W",,,,,"79",",,W","61",",,W","    1",",,W",,,"    1",",,W",,,,,,,,,,,,
"USW00014819","CHICAGO MIDWAY AIRPORT, IL US","41.78412","-87.75514","185.8","2022-06-02","0.02",",,W",,,,,"79",",,W","60",",,W",,,,,,,,,,,,,,,,,,
"USW00014819","CHICAGO MIDWAY AIRPORT, IL US","41.78412","-87.75514","185.8","2022-06-03","0.00",",,W",,,,,"83",",,W","62",",,W",,,,,,,,,,,,,,,,,,
"USW00014819","CHICAGO MIDWAY AIRPORT, IL US","41.78412","-87.75514","185.8","2022-06-04","0.00",",,W",,,,,"72",",,W","59",",,W",,,,,,,,,,,,,,,,,,
"USW00014819","CHICAGO MIDWAY AIRPORT, IL US","41.78412","-87.75514","185.8","2022-06-05","0.00","T,,W",,,,,"81",",,W","63",",,W",,,,,,,,,,,,,,,,,,
"USW00014819","CHICAGO MIDWAY AIRPORT, IL US","41.78412","-87.75514","185.8","2022-06-06","0.45",",,W",,,,,"76",",,W","60",",,W","    1",",,W",,,"    1",",,W",,,,,,,,,,,,
"USW00014819","CHICAGO MIDWAY AIRPORT, IL US","41.78412","-87.75514","185.8","2022-06-07","0.00","T,,W",,,,,"71",",,W","57",",,W",,,,,,,,,,,,,,,,,,
"USW00014819","CHICAGO MIDWAY AIRPORT, IL US","41.78412","-87.75514","185.8","2022-06-08","0.40",",,W",,,,,"72",",,W","58",",,W","    1",",,W",,,"    1",",,W",,,,,,,,,,,,
"USW00014819","CHICAGO MIDWAY AIRPORT, IL US","41.78412","-87.75514","185.8","2022-06-09","0.00",",,W",,,,,"80",",,W","53",",,W",,,,,,,,,,,,,,,,,,
"USW00014819","CHICAGO MIDWAY AIRPORT, IL US","41.78412","-87.75514","185.8","2022-06-10","0.06",",,W",,,,,"82",",,W","59",",,W",,,,,,,,,,,,,,,,,,
"USW00014819","CHICAGO MIDWAY AIRPORT, IL US","41.78412","-87.75514","185.8","2022-06-11","0.00",",,W",,,,,"76",",,W","60",",,W","    1",",,W",,,,,,,,,,,,,,,,
"USW00014819","CHICAGO MIDWAY AIRPORT, IL US","41.78412","-87.75514","185.8","2022-06-12","0.01",",,W",,,,,"74",",,W","60",",,W",,,,,,,,,,,,,"    1",",,W",,,,
"USW00014819","CHICAGO MIDWAY AIRPORT, IL US","41.78412","-87.75514","185.8","2022-06-13","0.04",",,W",,,,,"93",",,W","62",",,W","    1",",,W",,,"    1",",,W",,,,,,,"    1",",,W",,,,
"USW00014819","CHICAGO MIDWAY AIRPORT, IL US","41.78412","-87.75514","185.8","2022-06-14","0.00",",,W",,,,,"100",",,W","75",",,W",,,,,,,,,,,,,,,,,,
"USW00014819","CHICAGO MIDWAY AIRPORT, IL US","41.78412","-87.75514","185.8","2022-06-15","0.00",",,W",,,,,"100",",,W","83",",,W",,,,,"    1",",,W",,,,,,,,,,,,
"USW00014819","CHICAGO MIDWAY AIRPORT, IL US","41.78412","-87.75514","185.8","2022-06-16","0.06",",,W",,,,,"97",",,W","75",",,W","    1",",,W",,,"    1",",,W",,,,,,,,,,,,
"USW00014819","CHICAGO MIDWAY AIRPORT, IL US","41.78412","-87.75514","185.8","2022-06-17","0.00",",,W",,,,,"88",",,W","69",",,W",,,,,,,,,,,,,,,,,,
"USW00014819","CHICAGO MIDWAY AIRPORT, IL US","41.78412","-87.75514","185.8","2022-06-18","0.00",",,W",,,,,"76",",,W","59",",,W",,,,,,,,,,,,,,,,,,
"USW00014819","CHICAGO MIDWAY AIRPORT, IL US","41.78412","-87.75514","185.8","2022-06-19","0.00",",,W",,,,,"88",",,W","57",",,W",,,,,,,,,,,,,,,,,,
"USW00014819","CHICAGO MIDWAY AIRPORT, IL US","41.78412","-87.75514","185.8","2022-06-20","0.00",",,W",,,,,"97",",,W","67",",,W",,,,,,,,,,,,,,,,,,
"USW00014819","CHICAGO MIDWAY AIRPORT, IL US","41.78412","-87.75514","185.8","2022-06-21","0.00",",,W",,,,,"101",",,W","73",",,W",,,,,,,,,,,,,,,,,,
"USW00014819","CHICAGO MIDWAY AIRPORT, IL US","41.78412","-87.75514","185.8","2022-06-22","0.00",",,W",,,,,"92",",,W","74",",,W",,,,,,,,,,,,,,,,,,
"USW00014819","CHICAGO MIDWAY AIRPORT, IL US","41.78412","-87.75514","185.8","2022-06-23","0.00",",,W",,,,,"85",",,W","72",",,W",,,,,,,,,,,,,,,,,,
"USW00014819","CHICAGO MIDWAY AIRPORT, IL US","41.78412","-87.75514","185.8","2022-06-24","0.00",",,W",,,,,"93",",,W","67",",,W",,,,,,,,,,,,,,,,,,
"USW00014819","CHICAGO MIDWAY AIRPORT, IL US","41.78412","-87.75514","185.8","2022-06-25","0.34",",,W",,,,,"81",",,W","68",",,W","    1",",,W",,,"    1",",,W",,,,,,,,,,,,
"USW00014819","CHICAGO MIDWAY AIRPORT, IL US","41.78412","-87.75514","185.8","2022-06-26","0.00",",,W",,,,,"83",",,W","68",",,W",,,,,,,,,,,,,,,,,,
"USW00014819","CHICAGO MIDWAY AIRPORT, IL US","41.78412","-87.75514","185.8","2022-06-27","0.00",",,W",,,,,"81",",,W","63",",,W",,,,,,,,,,,,,,,,,,
"USW00014819","CHICAGO MIDWAY AIRPORT, IL US","41.78412","-87.75514","185.8","2022-06-28","0.00",",,W",,,,,"88",",,W","62",",,W",,,,,,,,,,,,,,,,,,
"USW00014819","CHICAGO MIDWAY AIRPORT, IL US","41.78412","-87.75514","185.8","2022-06-29","0.02",",,W",,,,,"89",",,W","70",",,W",,,,,,,,,,,,,,,,,,
"USW00014819","CHICAGO MIDWAY AIRPORT, IL US","41.78412","-87.75514","185.8","2022-06-30","0.00",",,W",,,,,"94",",,W","74",",,W",,,,,,,,,,,,,,,,,,
"USW00014819","CHICAGO MIDWAY AIRPORT, IL US","41.78412","-87.75514","185.8","2022-07-01","0.00","T,,W",,,,,"85",",,W","69",",,W",,,,,"    1",",,W",,,,,,,,,,,,
"USW00014819","CHICAGO MIDWAY AIRPORT, IL US","41.78412","-87.75514","185.8","2022-07-02","0.00",",,W",,,,,"86",",,W","65",",,W","    1",",,W",,,,,,,,,,,,,,,,
"USW00014819","CHICAGO MIDWAY AIRPORT, IL US","41.78412","-87.75514","185.8","2022-07-03","0.00",",,W",,,,,"88",",,W","69",",,W",,,,,,,,,,,,,,,,,,
"USW00014819","CHICAGO MIDWAY AIRPORT, IL US","41.78412","-87.75514","185.8","2022-07-04","0.39",",,W",,,,,"90",",,W","72",",,W","    1",",,W",,,"    1",",,W",,,,,,,"    1",",,W",,,,
"USW00014819","CHICAGO MIDWAY AIRPORT, IL US","41.78412","-87.75514","185.8","2022-07-05","1.12",",,W",,,,,"95",",,W","70",",,W","    1",",,W",,,"    1",",,W",,,,,,,,,,,,
"USW00014819","CHICAGO MIDWAY AIRPORT, IL US","41.78412","-87.75514","185.8","2022-07-06","0.26",",,W",,,,,"82",",,W","72",",,W","    1",",,W",,,"    1",",,W",,,,,,,,,,,,
"USW00014819","CHICAGO MIDWAY AIRPORT, IL US","41.78412","-87.75514","185.8","2022-07-07","0.00",",,W",,,,,"86",",,W","72",",,W",,,,,,,,,,,,,,,,,,
"USW00014819","CHICAGO MIDWAY AIRPORT, IL US","41.78412","-87.75514","185.8","2022-07-08","0.00","T,,W",,,,,"81",",,W","72",",,W",,,,,,,,,,,,,,,,,,
"USW00014819","CHICAGO MIDWAY AIRPORT, IL US","41.78412","-87.75514","185.8","2022-07-09","0.00",",,W",,,,,"79",",,W","69",",,W",,,,,,,,,,,,,,,,,,
"USW00014819","CHICAGO MIDWAY AIRPORT, IL US","41.78412","-87.75514","185.8","2022-07-10","0.00","T,,W",,,,,"88",",,W","62",",,W",,,,,,,,,,,,,,,,,,
"USW00014819","CHICAGO MIDWAY AIRPORT, IL US","41.78412","-87.75514","185.8","2022-07-11","0.00","T,,W",,,,,"87",",,W","72",",,W",,,,,,,,,,,,,,,,,,
"USW00014819","CHICAGO MIDWAY AIRPORT, IL US","41.78412","-87.75514","185.8","2022-07-12","0.00",",,W",,,,,"88",",,W","71",",,W",,,,,,,,,,,,,,,,,,
"USW00014819","CHICAGO MIDWAY AIRPORT, IL US","41.78412","-87.75514","185.8","2022-07-13","0.00",",,W",,,,,"85",",,W","70",",,W",,,,,,,,,,,,,,,,,,
"USW00014819","CHICAGO MIDWAY AIRPORT, IL US","41.78412","-87.75514","185.8","2022-07-14","0.00",",,W",,,,,"82",",,W","64",",,W",,,,,,,,,,,,,,,,,,
"USW00014819","CHICAGO MIDWAY AIRPORT, IL US","41.78412","-87.75514","185.8","2022-07-15","0.70",",,W",,,,,"76",",,W","69",",,W","    1",",,W",,,,,,,,,,,"    1",",,W",,,,
"USW00014819","CHICAGO MIDWAY AIRPORT, IL US","41.78412","-87.75514","185.8","2022-07-16","0.00","T,,W",,,,,"78",",,W","71",",,W","    1",",,W",,,,,,,,,,,"    1",",,W",,,,
"USW00014819","CHICAGO MIDWAY AIRPORT, IL US","41.78412","-87.75514","185.8","2022-07-17","1.99",",,W",,,,,"77",",,W","71",",,W","    1",",,W",,,"    1",",,W",,,,,,,"    1",",,W",,,,
"USW00014819","CHICAGO MIDWAY AIRPORT, IL US","41.78412","-87.75514","185.8","2022-07-18","0.00",",,W",,,,,"91",",,W","71",",,W",,,,,,,,,,,,,,,,,,
"USW00014819","CHICAGO MIDWAY AIRPORT, IL US","41.78412","-87.75514","185.8","2022-07-19","0.00",",,W",,,,,"91",",,W","73",",,W",,,,,,,,,,,,,,,,,,
"USW00014819","CHICAGO MIDWAY AIRPORT, IL US","41.78412","-87.75514","185.8","2022-07-20","0.00",",,W",,,,,"89",",,W","78",",,W",,,,,,,,,,,,,,,,,,
"USW00014819","CHICAGO MIDWAY AIRPORT, IL US","41.78412","-87.75514","185.8","2022-07-21","0.00",",,W",,,,,"94",",,W","72",",,W",,,,,"    1",",,W",,,,,,,,,,,,
"USW00014819","CHICAGO MIDWAY AIRPORT, IL US","41.78412","-87.75514","185.8","2022-07-22","0.00","T,,W",,,,,"92",",,W","71",",,W",,,,,"    1",",,W",,,,,,,,,,,,
"USW00014819","CHICAGO MIDWAY AIRPORT, IL US","41.78412","-87.75514","185.8","2022-07-23","1.14",",,W",,,,,"88",",,W","71",",,W","    1",",,W",,,"    1",",,W",,,,,,,,,,,,
"USW00014819","CHICAGO MIDWAY AIRPORT, IL US","41.78412","-87.75514","185.8","2022-07-24","0.36",",,W",,,,,"88",",,W","74",",,W","    1",",,W",,,"    1",",,W",,,,,,,,,,,,
"USW00014819","CHICAGO MIDWAY AIRPORT, IL US","41.78412","-87.75514","185.8","2022-07-25","0.00",",,W",,,,,"79",",,W","69",",,W",,,,,,,,,,,,,"    1",",,W",,,,
"USW00014819","CHICAGO MIDWAY AIRPORT, IL US","41.78412","-87.75514","185.8","2022-07-26","0.00",",,W",,,,,"83",",,W","68",",,W",,,,,,,,,,,,,,,,,,
"USW00014819","CHICAGO MIDWAY AIRPORT, IL US","41.78412","-87.75514","185.8","2022-07-27","0.56",",,W",,,,,"87",",,W","71",",,W","    1",",,W",,,"    1",",,W",,,,,,,,,,,,
"USW00014819","CHICAGO MIDWAY AIRPORT, IL US","41.78412","-87.75514","185.8","2022-07-28","0.00","T,,W",,,,,"83",",,W","70",",,W",,,,,,,,,,,,,,,,,,
"USW00014819","CHICAGO MIDWAY AIRPORT, IL US","41.78412","-87.75514","185.8","2022-07-29","0.00",",,W",,,,,"83",",,W","64",",,W",,,,,,,,,,,,,,,,,,
"USW00014819","CHICAGO MIDWAY AIRPORT, IL US","41.78412","-87.75514","185.8","2022-07-30","0.00",",,W",,,,,"85",",,W","66",",,W",,,,,,,,,,,,,,,,,,
"USW00014819","CHICAGO MIDWAY AIRPORT, IL US","41.78412","-87.75514","185.8","2022-07-31","0.00",",,W",,,,,"86",",,W","68",",,W",,,,,,,,,,,,,,,,,,
"USW00014819","CHICAGO MIDWAY AIRPORT, IL US","41.78412","-87.75514","185.8","2022-08-01","0.00","T,,W",,,,,"89",",,W","75",",,W",,,,,,,,,,,,,,,,,,
"USW00014819","CHICAGO MIDWAY AIRPORT, IL US","41.78412","-87.75514","185.8","2022-08-02","0.00",",,W",,,,,"91",",,W","71",",,W",,,,,,,,,,,,,,,,,,
"USW00014819","CHICAGO MIDWAY AIRPORT, IL US","41.78412","-87.75514","185.8","2022-08-03","0.11",",,W",,,,,"95",",,W","76",",,W","    1",",,W",,,"    1",",,W",,,,,,,,,,,,
"USW00014819","CHICAGO MIDWAY AIRPORT, IL US","41.78412","-87.75514","185.8","2022-08-04","0.00",",,W",,,,,"85",",,W","75",",,W",,,,,,,,,,,,,,,,,,
"USW00014819","CHICAGO MIDWAY AIRPORT, IL US","41.78412","-87.75514","185.8","2022-08-05","0.00",",,W",,,,,"88",",,W","73",",,W",,,,,"    1",",,W",,,,,,,,,,,,
"USW00014819","CHICAGO MIDWAY AIRPORT, IL US","41.78412","-87.75514","185.8","2022-08-06","0.00",",,W",,,,,"95",",,W","77",",,W",,,,,,,,,,,,,,,,,,
"USW00014819","CHICAGO MIDWAY AIRPORT, IL US","41.78412","-87.75514","185.8","2022-08-07","0.07",",,W",,,,,"84",",,W","78",",,W",,,,,"    1",",,W",,,,,,,,,,,,
"USW00014819","CHICAGO MIDWAY AIRPORT, IL US","41.78412","-87.75514","185.8","2022-08-08","0.11",",,W",,,,,"84",",,W","69",",,W","    1",",,W",,,,,,,,,,,"    1",",,W",,,,
"USW00014819","CHICAGO MIDWAY AIRPORT, IL US","41.78412","-87.75514","185.8","2022-08-09","0.00",",,W",,,,,"78",",,W","65",",,W",,,,,,,,,,,,,,,,,,
"USW00014819","CHICAGO MIDWAY AIRPORT, IL US","41.78412","-87.75514","185.8","2022-08-10","0.00",",,W",,,,,"87",",,W","62",",,W",,,,,,,,,,,,,,,,,,
"USW00014819","CHICAGO MIDWAY AIRPORT, IL US","41.78412","-87.75514","185.8","2022-08-11","0.00",",,W",,,,,"80",",,W","68",",,W",,,,,,,,,,,,,,,,,,
"USW00014819","CHICAGO MIDWAY AIRPORT, IL US","41.78412","-87.75514","185.8","2022-08-12","0.00",",,W",,,,,"81",",,W","63",",,W",,,,,,,,,,,,,,,,,,
"USW00014819","CHICAGO MIDWAY AIRPORT, IL US","41.78412","-87.75514","185.8","2022-08-13","0.00",",,W",,,,,"80",",,W","69",",,W",,,,,,,,,,,,,,,,,,
"USW00014819","CHICAGO MIDWAY AIRPORT, IL US","41.78412","-87.75514","185.8","2022-08-14","0.00",",,W",,,,,"80",",,W","71",",,W",,,,,,,,,,,,,,,,,,
"USW00014819","CHICAGO MIDWAY AIRPORT, IL US","41.78412","-87.75514","185.8","2022-08-15","0.00",",,W",,,,,"81",",,W","69",",,W",,,,,,,,,,,,,,,,,,
"USW00014819","CHICAGO MIDWAY AIRPORT, IL US","41.78412","-87.75514","185.8","2022-08-16","0.00",",,W",,,,,"84",",,W","67",",,W",,,,,,,,,,,,,,,,,,
"USW00014819","CHICAGO MIDWAY AIRPORT, IL US","41.78412","-87.75514","185.8","2022-08-17","0.00",",,W",,,,,"84",",,W","65",",,W",,,,,,,,,,,,,,,,,,
"USW00014819","CHICAGO MIDWAY AIRPORT, IL US","41.78412","-87.75514","185.8","2022-08-18","0.00",",,W",,,,,"86",",,W","63",",,W",,,,,,,,,,,,,,,,,,
"USW00014819","CHICAGO MIDWAY AIRPORT, IL US","41.78412","-87.75514","185.8","2022-08-19","0.00","T,,W",,,,,"88",",,W","69",",,W",,,,,,,,,,,,,,,,,,
"USW00014819","CHICAGO MIDWAY AIRPORT, IL US","41.78412","-87.75514","185.8","2022-08-20","0.56",",,W",,,,,"79",",,W","68",",,W","    1",",,W",,,"    1",",,W",,,,,,,"    1",",,W",,,,
"USW00014819","CHICAGO MIDWAY AIRPORT, IL US","41.78412","-87.75514","185.8","2022-08-21","0.28",",,W",,,,,"81",",,W","68",",,W","    1",",,W",,,,,,,,,,,"    1",",,W",,,,
"USW00014819","CHICAGO MIDWAY AIRPORT, IL US","41.78412","-87.75514","185.8","2022-08-22","0.00",",,W",,,,,"84",",,W","65",",,W",,,,,,,,,,,,,,,,,,
"USW00014819","CHICAGO MIDWAY AIRPORT, IL US","41.78412","-87.75514","185.8","2022-08-23","0.00",",,W",,,,,"86",",,W","65",",,W",,,,,,,,,,,,,,,,,,
"USW00014819","CHICAGO MIDWAY AIRPORT, IL US","41.78412","-87.75514","185.8","2022-08-24","0.00",",,W",,,,,"87",",,W","67",",,W",,,,,,,,,,,,,,,,,,
"USW00014819","CHICAGO MIDWAY AIRPORT, IL US","41.78412","-87.75514","185.8","2022-08-25","0.21",",,W",,,,,"83",",,W","68",",,W","    1",",,W",,,"    1",",,W",,,,,,,,,,,,
"USW00014819","CHICAGO MIDWAY AIRPORT, IL US","41.78412","-87.75514","185.8","2022-08-26","0.00",",,W",,,,,"80",",,W","67",",,W",,,,,,,,,,,,,,,,,,
"USW00014819","CHICAGO MIDWAY AIRPORT, IL US","41.78412","-87.75514","185.8","2022-08-27","0.00",",,W",,,,,"84",",,W","62",",,W",,,,,,,,,,,,,,,,,,
"USW00014819","CHICAGO MIDWAY AIRPORT, IL US","41.78412","-87.75514","185.8","2022-08-28","0.00",",,W",,,,,"92",",,W","72",",,W",,,,,"    1",",,W",,,,,,,,,,,,
"USW00014819","CHICAGO MIDWAY AIRPORT, IL US","41.78412","-87.75514","185.8","2022-08-29","0.48",",,W",,,,,"87",",,W","72",",,W","    1",",,W",,,"    1",",,W",,,,,,,,,,,,
"USW00014819","CHICAGO MIDWAY AIRPORT, IL US","41.78412","-87.75514","185.8","2022-08-30","0.00",",,W",,,,,"82",",,W","67",",,W",,,,,,,,,,,,,,,,,,
"USW00014819","CHICAGO MIDWAY AIRPORT, IL US","41.78412","-87.75514","185.8","2022-08-31","0.00",",,W",,,,,"87",",,W","64",",,W",,,,,,,,,,,,,,,,,,
"USW00014819","CHICAGO MIDWAY AIRPORT, IL US","41.78412","-87.75514","185.8","2022-09-01","0.00",",,W",,,,,"90",",,W","69",",,W",,,,,,,,,,,,,,,,,,
"USW00014819","CHICAGO MIDWAY AIRPORT, IL US","41.78412","-87.75514","185.8","2022-09-02","0.00",",,W",,,,,"88",",,W","71",",,W",,,,,,,,,,,,,,,,,,
"USW00014819","CHICAGO MIDWAY AIRPORT, IL US","41.78412","-87.75514","185.8","2022-09-03","0.00",",,W",,,,,"91",",,W","71",",,W",,,,,,,,,,,,,,,,,,
"USW00014819","CHICAGO MIDWAY AIRPORT, IL US","41.78412","-87.75514","185.8","2022-09-04","0.16",",,W",,,,,"75",",,W","70",",,W",,,,,,,,,,,,,,,,,,
"USW00014819","CHICAGO MIDWAY AIRPORT, IL US","41.78412","-87.75514","185.8","2022-09-05","0.01",",,W",,,,,"73",",,W","69",",,W",,,,,,,,,,,,,,,,,,
"USW00014819","CHICAGO MIDWAY AIRPORT, IL US","41.78412","-87.75514","185.8","2022-09-06","0.00",",,W",,,,,"81",",,W","70",",,W",,,,,,,,,,,,,,,,,,
"USW00014819","CHICAGO MIDWAY AIRPORT, IL US","41.78412","-87.75514","185.8","2022-09-07","0.00",",,W",,,,,"83",",,W","68",",,W",,,,,,,,,,,,,,,,,,
"USW00014819","CHICAGO MIDWAY AIRPORT, IL US","41.78412","-87.75514","185.8","2022-09-08","0.00",",,W",,,,,"86",",,W","63",",,W",,,,,,,,,,,,,,,,,,
"USW00014819","CHICAGO MIDWAY AIRPORT, IL US","41.78412","-87.75514","185.8","2022-09-09","0.00",",,W",,,,,"87",",,W","65",",,W",,,,,,,,,,,,,,,,,,
"USW00014819","CHICAGO MIDWAY AIRPORT, IL US","41.78412","-87.75514","185.8","2022-09-10","0.00",",,W",,,,,"87",",,W","66",",,W",,,,,,,,,,,,,,,,,,
"USW00014819","CHICAGO MIDWAY AIRPORT, IL US","41.78412","-87.75514","185.8","2022-09-11","1.40",",,W",,,,,"74",",,W","61",",,W","    1",",,W",,,"    1",",,W",,,,,,,,,,,,
"USW00014819","CHICAGO MIDWAY AIRPORT, IL US","41.78412","-87.75514","185.8","2022-09-12","0.04",",,W",,,,,"68",",,W","56",",,W","    1",",,W",,,,,,,,,,,"    1",",,W",,,,
"USW00014819","CHICAGO MIDWAY AIRPORT, IL US","41.78412","-87.75514","185.8","2022-09-13","0.00",",,W",,,,,"80",",,W","62",",,W",,,,,,,,,,,,,,,,,,
"USW00014819","CHICAGO MIDWAY AIRPORT, IL US","41.78412","-87.75514","185.8","2022-09-14","0.00",",,W",,,,,"81",",,W","59",",,W",,,,,,,,,,,,,,,,,,
"USW00014819","CHICAGO MIDWAY AIRPORT, IL US","41.78412","-87.75514","185.8","2022-09-15","0.00",",,W",,,,,"84",",,W","63",",,W","    1",",,W",,,,,,,,,,,,,,,,
"USW00014819","CHICAGO MIDWAY AIRPORT, IL US","41.78412","-87.75514","185.8","2022-09-16","0.00",",,W",,,,,"85",",,W","66",",,W",,,,,,,,,,,,,,,,,,
"USW00014819","CHICAGO MIDWAY AIRPORT, IL US","41.78412","-87.75514","185.8","2022-09-17","0.00","T,,W",,,,,"88",",,W","71",",,W",,,,,,,,,,,,,,,,,,
"USW00014819","CHICAGO MIDWAY AIRPORT, IL US","41.78412","-87.75514","185.8","2022-09-18","0.08",",,W",,,,,"87",",,W","72",",,W",,,,,"    1",",,W",,,,,,,,,,,,
"USW00014819","CHICAGO MIDWAY AIRPORT, IL US","41.78412","-87.75514","185.8","2022-09-19","0.00","T,,W",,,,,"79",",,W","67",",,W",,,,,"    1",",,W",,,,,,,,,,,,
"USW00014819","CHICAGO MIDWAY AIRPORT, IL US","41.78412","-87.75514","185.8","2022-09-20","0.25",",,W",,,,,"94",",,W","66",",,W","    1",",,W",,,"    1",",,W",,,,,,,,,,,,
"USW00014819","CHICAGO MIDWAY AIRPORT, IL US","41.78412","-87.75514","185.8","2022-09-21","0.00",",,W",,,,,"89",",,W","64",",,W",,,,,,,,,,,,,,,,,,
"USW00014819","CHICAGO MIDWAY AIRPORT, IL US","41.78412","-87.75514","185.8","2022-09-22","0.00",",,W",,,,,"67",",,W","56",",,W",,,,,,,,,,,,,,,,,,
"USW00014819","CHICAGO MIDWAY AIRPORT, IL US","41.78412","-87.75514","185.8","2022-09-23","0.00","T,,W",,,,,"65",",,W","52",",,W",,,,,,,,,,,,,,,,,,
"USW00014819","CHICAGO MIDWAY AIRPORT, IL US","41.78412","-87.75514","185.8","2022-09-24","0.04",",,W",,,,,"75",",,W","55",",,W","    1",",,W",,,,,,,,,,,,,,,,
"USW00014819","CHICAGO MIDWAY AIRPORT, IL US","41.78412","-87.75514","185.8","2022-09-25","0.08",",,W",,,,,"69",",,W","58",",,W","    1",",,W",,,,,,,,,,,,,,,,
"USW00014819","CHICAGO MIDWAY AIRPORT, IL US","41.78412","-87.75514","185.8","2022-09-26","0.00",",,W",,,,,"65",",,W","53",",,W",,,,,,,,,,,,,,,,,,
"USW00014819","CHICAGO MIDWAY AIRPORT, IL US","41.78412","-87.75514","185.8","2022-09-27","0.00",",,W",,,,,"63",",,W","48",",,W",,,,,,,,,,,,,,,,,,
"USW00014819","CHICAGO MIDWAY AIRPORT, IL US","41.78412","-87.75514","185.8","2022-09-28","0.00",",,W",,,,,"63",",,W","49",",,W",,,,,,,,,,,,,,,,,,
"USW00014819","CHICAGO MIDWAY AIRPORT, IL US","41.78412","-87.75514","185.8","2022-09-29","0.00",",,W",,,,,"64",",,W","46",",,W",,,,,,,,,,,,,,,,,,
"USW00014819","CHICAGO MIDWAY AIRPORT, IL US","41.78412","-87.75514","185.8","2022-09-30","0.00",",,W",,,,,"67",",,W","49",",,W",,,,,,,,,,,,,,,,,,
"USW00014819","CHICAGO MIDWAY AIRPORT, IL US","41.78412","-87.75514","185.8","2022-10-01","0.00",",,W",,,,,"70",",,W","52",",,W","    1",",,W",,,,,,,,,,,"    1",",,W",,,,
"USW00014819","CHICAGO MIDWAY AIRPORT, IL US","41.78412","-87.75514","185.8","2022-10-02","0.00",",,W",,,,,"69",",,W","58",",,W",,,,,,,,,,,,,,,,,,
"USW00014819","CHICAGO MIDWAY AIRPORT, IL US","41.78412","-87.75514","185.8","2022-10-03","0.00",",,W",,,,,"69",",,W","50",",,W",,,,,,,,,,,,,,,,,,
"USW00014819","CHICAGO MIDWAY AIRPORT, IL US","41.78412","-87.75514","185.8","2022-10-04","0.00",",,W",,,,,"76",",,W","47",",,W",,,,,,,,,,,,,,,,,,
"USW00014819","CHICAGO MIDWAY AIRPORT, IL US","41.78412","-87.75514","185.8","2022-10-05","0.00","T,,W",,,,,"78",",,W","51",",,W",,,,,,,,,,,,,,,,,,
"USW00014819","CHICAGO MIDWAY AIRPORT, IL US","41.78412","-87.75514","185.8","2022-10-06","0.10",",,W",,,,,"77",",,W","54",",,W","    1",",,W",,,"    1",",,W",,,,,,,,,,,,
"USW00014819","CHICAGO MIDWAY AIRPORT, IL US","41.78412","-87.75514","185.8","2022-10-07","0.00","T,,W",,,,,"58",",,W","42",",,W",,,,,,,,,,,,,,,,,,
"USW00014819","CHICAGO MIDWAY AIRPORT, IL US","41.78412","-87.75514","185.8","2022-10-08","0.00",",,W",,,,,"60",",,W","38",",,W",,,,,,,,,,,,,,,,,,
"USW00014819","CHICAGO MIDWAY AIRPORT, IL US","41.78412","-87.75514","185.8","2022-10-09","0.00",",,W",,,,,"71",",,W","46",",,W",,,,,,,,,,,,,,,,,,
"USW00014819","CHICAGO MIDWAY AIRPORT, IL US","41.78412","-87.75514","185.8","2022-10-10","0.00",",,W",,,,,"76",",,W","50",",,W",,,,,,,,,,,,,,,,,,
"USW00014819","CHICAGO MIDWAY AIRPORT, IL US","41.78412","-87.75514","185.8","2022-10-11","0.52",",,W",,,,,"71",",,W","54",",,W","    1",",,W",,,,,,,,,,,"    1",",,W",,,,
"USW00014819","CHICAGO MIDWAY AIRPORT, IL US","41.78412","-87.75514","185.8","2022-10-12","0.43",",,W",,,,,"65",",,W","51",",,W","    1",",,W",,,,,,,,,,,,,,,,
"USW00014819","CHICAGO MIDWAY AIRPORT, IL US","41.78412","-87.75514","185.8","2022-10-13","0.00",",,W",,,,,"59",",,W","41",",,W",,,,,,,,,,,,,,,,,,
"USW00014819","CHICAGO MIDWAY AIRPORT, IL US","41.78412","-87.75514","185.8","2022-10-14","0.09",",,W",,,,,"63",",,W","40",",,W","    1",",,W",,,,,,,,,,,,,,,,
"USW00014819","CHICAGO MIDWAY AIRPORT, IL US","41.78412","-87.75514","185.8","2022-10-15","0.00",",,W",,,,,"55",",,W","37",",,W",,,,,,,,,,,,,,,,,,
"USW00014819","CHICAGO MIDWAY AIRPORT, IL US","41.78412","-87.75514","185.8","2022-10-16","0.00",",,W",,,,,"57",",,W","42",",,W",,,,,,,,,,,,,,,,,,
"USW00014819","CHICAGO MIDWAY AIRPORT, IL US","41.78412","-87.75514","185.8","2022-10-17","0.00",",,W",,,,,"45",",,W","39",",,W",,,,,,,,,,,,,,,,,,
"USW00014819","CHICAGO MIDWAY AIRPORT, IL US","41.78412","-87.75514","185.8","2022-10-18","0.00",",,W",,,,,"50",",,W","37",",,W",,,,,,,,,,,,,,,,,,
"USW00014819","CHICAGO MIDWAY AIRPORT, IL US","41.78412","-87.75514","185.8","2022-10-19","0.00",",,W",,,,,"50",",,W","35",",,W",,,,,,,,,,,,,,,,,,
"USW00014819","CHICAGO MIDWAY AIRPORT, IL US","41.78412","-87.75514","185.8","2022-10-20","0.00",",,W",,,,,"63",",,W","34",",,W",,,,,,,,,,,,,,,,,,
"USW00014819","CHICAGO MIDWAY AIRPORT, IL US","41.78412","-87.75514","185.8","2022-10-21","0.00",",,W",,,,,"78",",,W","45",",,W",,,,,,,,,,,,,,,,,,
"USW00014819","CHICAGO MIDWAY AIRPORT, IL US","41.78412","-87.75514","185.8","2022-10-22","0.00",",,W",,,,,"82",",,W","58",",,W",,,,,,,,,,,,,,,,,,
"USW00014819","CHICAGO MIDWAY AIRPORT, IL US","41.78412","-87.75514","185.8","2022-10-23","0.00",",,W",,,,,"81",",,W","64",",,W",,,,,,,,,,,,,,,,,,
"USW00014819","CHICAGO MIDWAY AIRPORT, IL US","41.78412","-87.75514","185.8","2022-10-24","0.02",",,W",,,,,"79",",,W","64",",,W",,,,,"    1",",,W",,,,,,,,,,,,
"USW00014819","CHICAGO MIDWAY AIRPORT, IL US","41.78412","-87.75514","185.8","2022-10-25","0.87",",,W",,,,,"71",",,W","49",",,W","    1",",,W",,,,,,,,,,,,,,,,
"USW00014819","CHICAGO MIDWAY AIRPORT, IL US","41.78412","-87.75514","185.8","2022-10-26","0.03",",,W",,,,,"57",",,W","43",",,W",,,,,,,,,,,,,,,,,,
"USW00014819","CHICAGO MIDWAY AIRPORT, IL US","41.78412","-87.75514","185.8","2022-10-27","0.00",",,W",,,,,"54",",,W","41",",,W",,,,,,,,,,,,,,,,,,
"USW00014819","CHICAGO MIDWAY AIRPORT, IL US","41.78412","-87.75514","185.8","2022-10-28","0.00",",,W",,,,,"61",",,W","46",",,W",,,,,,,,,,,,,,,,,,
"USW00014819","CHICAGO MIDWAY AIRPORT, IL US","41.78412","-87.75514","185.8","2022-10-29","0.00",",,W",,,,,"67",",,W","43",",,W",,,,,,,,,,,,,"    1",",,W",,,,
"USW00014819","CHICAGO MIDWAY AIRPORT, IL US","41.78412","-87.75514","185.8","2022-10-30","0.05",",,W",,,,,"67",",,W","49",",,W","    1",",,W",,,,,,,,,,,,,,,,
"USW00014819","CHICAGO MIDWAY AIRPORT, IL US","41.78412","-87.75514","185.8","2022-10-31","0.01",",,W",,,,,"61",",,W","52",",,W","    1",",,W","    1",",,W",,,,,,,,,"    1",",,W",,,,
"USW00014819","CHICAGO MIDWAY AIRPORT, IL US","41.78412","-87.75514","185.8","2022-11-01","0.00",",,W","0.0",",,W",,,"70",",,W","46",",,W","    1",",,W",,,,,,,,,,,"    1",",,W",,,,
"USW00014819","CHICAGO MIDWAY AIRPORT, IL US","41.78412","-87.75514","185.8","2022-11-02","0.00",",,W","0.0",",,W",,,"74",",,W","49",",,W",,,,,,,,,,,,,,,,,,
"USW00014819","CHICAGO MIDWAY AIRPORT, IL US","41.78412","-87.75514","185.8","2022-11-03","0.00",",,W","0.0",",,W",,,"75",",,W","55",",,W",,,,,,,,,,,,,,,,,,
"USW00014819","CHICAGO MIDWAY AIRPORT, IL US","41.78412","-87.75514","185.8","2022-11-04","0.17",",,W","0.0",",,W",,,"76",",,W","62",",,W","    1",",,W",,,"    1",",,W",,,,,,,,,,,,
"USW00014819","CHICAGO MIDWAY AIRPORT, IL US","41.78412","-87.75514","185.8","2022-11-05","0.32",",,W","0.0",",,W",,,"71",",,W","47",",,W","    1",",,W",,,,,,,,,,,"    1",",,W",,,,
"USW00014819","CHICAGO MIDWAY AIRPORT, IL US","41.78412","-87.75514","185.8","2022-11-06","0.00",",,W","0.0",",,W",,,"64",",,W","47",",,W",,,,,,,,,,,,,,,,,,
"USW00014819","CHICAGO MIDWAY AIRPORT, IL US","41.78412","-87.75514","185.8","2022-11-07","0.00",",,W","0.0",",,W",,,"58",",,W","42",",,W",,,,,,,,,,,,,,,,,,
"USW00014819","CHICAGO MIDWAY AIRPORT, IL US","41.78412","-87.75514","185.8","2022-11-08","0.00",",,W","0.0",",,W",,,"54",",,W","44",",,W",,,,,,,,,,,,,,,,,,
"USW00014819","CHICAGO MIDWAY AIRPORT, IL US","41.78412","-87.75514","185.8","2022-11-09","0.00",",,W","0.0",",,W",,,"70",",,W","48",",,W",,,,,,,,,,,,,,,,,,
"USW00014819","CHICAGO MIDWAY AIRPORT, IL US","41.78412","-87.75514","185.8","2022-11-10","0.00",",,W","0.0",",,W",,,"76",",,W","59",",,W",,,,,,,,,,,,,,,,,,
"USW00014819","CHICAGO MIDWAY AIRPORT, IL US","41.78412","-87.75514","185.8","2022-11-11","0.00",",,W","0.0",",,W",,,"60",",,W","33",",,W",,,,,,,,,,,,,,,,,,
"USW00014819","CHICAGO MIDWAY AIRPORT, IL US","41.78412","-87.75514","185.8","2022-11-12","0.00","T,,W","0.0",",,W",,,"37",",,W","33",",,W",,,,,,,,,,,,,,,,,,
"USW00014819","CHICAGO MIDWAY AIRPORT, IL US","41.78412","-87.75514","185.8","2022-11-13","0.00",",,W","0.0",",,W",,,"36",",,W","30",",,W",,,,,,,,,,,,,,,,,,
"USW00014819","CHICAGO MIDWAY AIRPORT, IL US","41.78412","-87.75514","185.8","2022-11-14","0.00",",,W","0.0",",,W",,,"41",",,W","28",",,W",,,,,,,,,,,,,,,,,,
"USW00014819","CHICAGO MIDWAY AIRPORT, IL US","41.78412","-87.75514","185.8","2022-11-15","0.08",",,W","0.0",",,W",,,"37",",,W","32",",,W","    1",",,W",,,,,,,,,,,,,,,,
"USW00014819","CHICAGO MIDWAY AIRPORT, IL US","41.78412","-87.75514","185.8","2022-11-16","0.02",",,W","0.0",",,W",,,"35",",,W","31",",,W","    1",",,W",,,,,,,,,,,,,,,,
"USW00014819","CHICAGO MIDWAY AIRPORT, IL US","41.78412","-87.75514","185.8","2022-11-17","0.00","T,,W","0.0",",,W",,,"34",",,W","29",",,W","    1",",,W",,,,,,,,,,,,,,,,
"USW00014819","CHICAGO MIDWAY AIRPORT, IL US","41.78412","-87.75514","185.8","2022-11-18","0.02",",,W","1.2",",,W",,,"30",",,W","21",",,W","    1",",,W",,,,,,,,,,,"    1",",,W",,,,
"USW00014819","CHICAGO MIDWAY AIRPORT, IL US","41.78412","-87.75514","185.8","2022-11-19","0.00","T,,W","0.0",",,W",,,"27",",,W","16",",,W","    1",",,W",,,,,,,,,,,,,,,,
"USW00014819","CHICAGO MIDWAY AIRPORT, IL US","41.78412","-87.75514","185.8","2022-11-20","0.00",",,W","0.0",",,W",,,"33",",,W","13",",,W",,,,,,,,,,,,,,,,,,
"USW00014819","CHICAGO MIDWAY AIRPORT, IL US","41.78412","-87.75514","185.8","2022-11-21","0.00",",,W","0.0",",,W",,,"47",",,W","29",",,W",,,,,,,,,,,,,,,,,,
"USW00014819","CHICAGO MIDWAY AIRPORT, IL US","41.78412","-87.75514","185.8","2022-11-22","0.00",",,W","0.0",",,W",,,"52",",,W","28",",,W",,,,,,,,,,,,,,,,,,
"USW00014819","CHICAGO MIDWAY AIRPORT, IL US","41.78412","-87.75514","185.8","2022-11-23","0.00",",,W","0.0",",,W",,,"59",",,W","33",",,W",,,,,,,,,,,,,,,,,,
"USW00014819","CHICAGO MIDWAY AIRPORT, IL US","41.78412","-87.75514","185.8","2022-11-24","0.00","T,,W","0.0",",,W",,,"53",",,W","38",",,W",,,,,,,,,,,,,,,,,,
"USW00014819","CHICAGO MIDWAY AIRPORT, IL US","41.78412","-87.75514","185.8","2022-11-25","0.00",",,W","0.0",",,W",,,"52",",,W","33",",,W",,,,,,,,,,,,,,,,,,
"USW00014819","CHICAGO MIDWAY AIRPORT, IL US","41.78412","-87.75514","185.8","2022-11-26","0.00",",,W","0.0",",,W",,,"56",",,W","33",",,W",,,,,,,,,,,,,,,,,,
"USW00014819","CHICAGO MIDWAY AIRPORT, IL US","41.78412","-87.75514","185.8","2022-11-27","0.16",",,W","0.0",",,W",,,"46",",,W","35",",,W","    1",",,W",,,,,,,,,,,,,,,,
"USW00014819","CHICAGO MIDWAY AIRPORT, IL US","41.78412","-87.75514","185.8","2022-11-28","0.00",",,W","0.0",",,W",,,"46",",,W","31",",,W",,,,,,,,,,,,,,,,,,
"USW00014819","CHICAGO MIDWAY AIRPORT, IL US","41.78412","-87.75514","185.8","2022-11-29","0.22",",,W","0.0",",,W",,,"59",",,W","35",",,W","    1",",,W",,,,,,,,,,,,,,,,
"USW00014819","CHICAGO MIDWAY AIRPORT, IL US","41.78412","-87.75514","185.8","2022-11-30","0.00",",,W","0.0",",,W",,,"35",",,W","20",",,W",,,,,,,,,,,,,,,,,,
"USW00014819","CHICAGO MIDWAY AIRPORT, IL US","41.78412","-87.75514","185.8","2022-12-01","0.00",",,W","0.0",",,W",,,"37",",,W","18",",,W",,,,,,,,,,,,,,,,,,
"USW00014819","CHICAGO MIDWAY AIRPORT, IL US","41.78412","-87.75514","185.8","2022-12-02","0.00","T,,W","0.0",",,W",,,"52",",,W","36",",,W",,,,,,,,,,,,,,,,,,
"USW00014819","CHICAGO MIDWAY AIRPORT, IL US","41.78412","-87.75514","185.8","2022-12-03","0.00","T,,W","0.0",",,W",,,"52",",,W","21",",,W",,,,,,,,,,,,,,,,,,
"USW00014819","CHICAGO MIDWAY AIRPORT, IL US","41.78412","-87.75514","185.8","2022-12-04","0.00",",,W","0.0",",,W",,,"40",",,W","18",",,W",,,,,,,,,,,,,,,,,,
"USW00014819","CHICAGO MIDWAY AIRPORT, IL US","41.78412","-87.75514","185.8","2022-12-05","0.00","T,,W","0.0",",,W",,,"44",",,W","28",",,W","    1",",,W",,,,,,,,,,,,,,,,
"USW00014819","CHICAGO MIDWAY AIRPORT, IL US","41.78412","-87.75514","185.8","2022-12-06","0.00","T,,W","0.0",",,W",,,"44",",,W","36",",,W","    1",",,W",,,,,,,,,,,,,,,,
"USW00014819","CHICAGO MIDWAY AIRPORT, IL US","41.78412","-87.75514","185.8","2022-12-07","0.00",",,W","0.0",",,W",,,"43",",,W","38",",,W","    1",",,W",,,,,,,,,,,"    1",",,W",,,,
"USW00014819","CHICAGO MIDWAY AIRPORT, IL US","41.78412","-87.75514","185.8","2022-12-08","0.00",",,W","0.0",",,W",,,"42",",,W","35",",,W",,,,,,,,,,,,,,,,,,
"USW00014819","CHICAGO MIDWAY AIRPORT, IL US","41.78412","-87.75514","185.8","2022-12-09","0.41",",,W","0.0",",,W",,,"38",",,W","35",",,W","    1",",,W",,,,,,,,,,,,,,,,
"USW00014819","CHICAGO MIDWAY AIRPORT, IL US","41.78412","-87.75514","185.8","2022-12-10","0.00","T,,W","0.0",",,W",,,"39",",,W","37",",,W","    1",",,W",,,,,,,,,,,"    1",",,W",,,,
"USW00014819","CHICAGO MIDWAY AIRPORT, IL US","41.78412","-87.75514","185.8","2022-12-11","0.00",",,W","0.0",",,W",,,"40",",,W","37",",,W","    1",",,W",,,,,,,,,,,,,,,,
"USW00014819","CHICAGO MIDWAY AIRPORT, IL US","41.78412","-87.75514","185.8","2022-12-12","0.00","T,,W","0.0",",,W",,,"42",",,W","37",",,W",,,,,,,,,,,,,,,,,,
"USW00014819","CHICAGO MIDWAY AIRPORT, IL US","41.78412","-87.75514","185.8","2022-12-13","0.02",",,W","0.0",",,W",,,"38",",,W","34",",,W",,,,,,,,,,,,,,,,,,
"USW00014819","CHICAGO MIDWAY AIRPORT, IL US","41.78412","-87.75514","185.8","2022-12-14","1.04",",,W","0.0",",,W",,,"44",",,W","37",",,W","    1",",,W",,,,,,,,,,,,,,,,
"USW00014819","CHICAGO MIDWAY AIRPORT, IL US","41.78412","-87.75514","185.8","2022-12-15","0.14",",,W","0.0",",,W",,,"38",",,W","31",",,W","    1",",,W",,,,,,,,,,,,,,,,
"USW00014819","CHICAGO MIDWAY AIRPORT, IL US","41.78412","-87.75514","185.8","2022-12-16","0.01",",,W","0.0",",,W",,,"31",",,W","26",",,W","    1",",,W",,,,,,,,,,,,,,,,
"USW00014819","CHICAGO MIDWAY AIRPORT, IL US","41.78412","-87.75514","185.8","2022-12-17","0.00","T,,W","0.0",",,W",,,"26",",,W","20",",,W","    1",",,W",,,,,,,,,,,,,,,,
"USW00014819","CHICAGO MIDWAY AIRPORT, IL US","41.78412","-87.75514","185.8","2022-12-18","0.00","T,,W","0.0",",,W",,,"21",",,W","14",",,W",,,,,,,,,,,,,,,,,,
"USW00014819","CHICAGO MIDWAY AIRPORT, IL US","41.78412","-87.75514","185.8","2022-12-19","0.00",",,W","0.0",",,W",,,"26",",,W","10",",,W",,,,,,,,,,,,,,,,,,
"USW00014819","CHICAGO MIDWAY AIRPORT, IL US","41.78412","-87.75514","185.8","2022-12-20","0.00",",,W","0.0",",,W",,,"33",",,W","22",",,W",,,,,,,,,,,,,,,,,,
"USW00014819","CHICAGO MIDWAY AIRPORT, IL US","41.78412","-87.75514","185.8","2022-12-21","0.00",",,W","0.0",",,W",,,"32",",,W","17",",,W",,,,,,,,,,,,,"    1",",,W",,,,
"USW00014819","CHICAGO MIDWAY AIRPORT, IL US","41.78412","-87.75514","185.8","2022-12-22","0.05",",,W","0.0",",,W",,,"34",",,W","-6",",,W","    1",",,W",,,,,,,,,,,"    1",",,W","    1",",,W",,
"USW00014819","CHICAGO MIDWAY AIRPORT, IL US","41.78412","-87.75514","185.8","2022-12-23","0.00","T,,W","1.2",",,W",,,"-1",",,W","-9",",,W",,,,,,,,,,,,,,,"    1",",,W",,
"USW00014819","CHICAGO MIDWAY AIRPORT, IL US","41.78412","-87.75514","185.8","2022-12-24","0.00",",,W","1.2",",,W",,,"13",",,W","-1",",,W",,,,,,,,,,,,,,,"    1",",,W",,
"USW00014819","CHICAGO MIDWAY AIRPORT, IL US","41.78412","-87.75514","185.8","2022-12-25","0.00",",,W","1.2",",,W",,,"14",",,W","2",",,W",,,,,,,,,,,,,,,,,,
"USW00014819","CHICAGO MIDWAY AIRPORT, IL US","41.78412","-87.75514","185.8","2022-12-26","0.00","T,,W","1.2",",,W",,,"22",",,W","12",",,W","    1",",,W",,,,,,,,,,,,,,,,
"USW00014819","CHICAGO MIDWAY AIRPORT, IL US","41.78412","-87.75514","185.8","2022-12-27","0.00",",,W","1.2",",,W",,,"26",",,W","8",",,W",,,,,,,,,,,,,,,,,,
"USW00014819","CHICAGO MIDWAY AIRPORT, IL US","41.78412","-87.75514","185.8","2022-12-28","0.00",",,W","1.2",",,W",,,"45",",,W","25",",,W",,,,,,,,,,,,,,,,,,
"USW00014819","CHICAGO MIDWAY AIRPORT, IL US","41.78412","-87.75514","185.8","2022-12-29","0.00","T,,W","0.0",",,W",,,"57",",,W","44",",,W","    1",",,W",,,,,,,,,,,,,,,,
"USW00014819","CHICAGO MIDWAY AIRPORT, IL US","41.78412","-87.75514","185.8","2022-12-30","0.00","T,,W",,,,,"57",",,W","31",",,W","    1",",,W",,,,,,,,,,,,,,,,
"USW00014819","CHICAGO MIDWAY AIRPORT, IL US","41.78412","-87.75514","185.8","2022-12-31","0.00",",,W",,,,,"39",",,W","27",",,W",,,,,,,,,,,,,,,,,,
"USW00014819","CHICAGO MIDWAY AIRPORT, IL US","41.78412","-87.75514","185.8","2023-01-01","0.14",",,W","0.0",",,W",,,"45",",,W","37",",,W","    1",",,W",,,,,,,,,,,"    1",",,W",,,,
"USW00014819","CHICAGO MIDWAY AIRPORT, IL US","41.78412","-87.75514","185.8","2023-01-02","0.00","T,,W","0.0",",,W",,,"44",",,W","32",",,W","    1",",,W","    1",",,W",,,,,,,,,,,,,,
"USW00014819","CHICAGO MIDWAY AIRPORT, IL US","41.78412","-87.75514","185.8","2023-01-03","0.98",",,W","0.0",",,W",,,"49",",,W","40",",,W","    1",",,W","    1",",,W","    1",",,W",,,,,,,"    1",",,W",,,,
"USW00014819","CHICAGO MIDWAY AIRPORT, IL US","41.78412","-87.75514","185.8","2023-01-04","0.01",",,W","0.0",",,W",,,"45",",,W","33",",,W","    1",",,W",,,,,,,,,,,"    1",",,W",,,,
"USW00014819","CHICAGO MIDWAY AIRPORT, IL US","41.78412","-87.75514","185.8","2023-01-05","0.00","T,,W","0.0",",,W",,,"34",",,W","31",",,W","    1",",,W",,,,,,,,,,,,,,,,
"USW00014819","CHICAGO MIDWAY AIRPORT, IL US","41.78412","-87.75514","185.8","2023-01-06","0.00","T,,W","0.0",",,W",,,"33",",,W","25",",,W","    1",",,W",,,,,,,,,,,,,,,,
"USW00014819","CHICAGO MIDWAY AIRPORT, IL US","41.78412","-87.75514","185.8","2023-01-07","0.00",",,W","0.0",",,W",,,"33",",,W","28",",,W",,,,,,,,,,,,,,,,,,
"USW00014819","CHICAGO MIDWAY AIRPORT, IL US","41.78412","-87.75514","185.8","2023-01-08","0.00",",,W","0.0",",,W",,,"35",",,W","26",",,W","    1",",,W",,,,,,,,,,,,,,,,
"USW00014819","CHICAGO MIDWAY AIRPORT, IL US","41.78412","-87.75514","185.8","2023-01-09","0.00",",,W","0.0",",,W",,,"44",",,W","25",",,W","    1",",,W",,,,,,,,,,,,,,,,
"USW00014819","CHICAGO MIDWAY AIRPORT, IL US","41.78412","-87.75514","185.8","2023-01-10","0.00",",,W","0.0",",,W",,,"49",",,W","36",",,W",,,,,,,,,,,,,,,,,,
"USW00014819","CHICAGO MIDWAY AIRPORT, IL US","41.78412","-87.75514","185.8","2023-01-11","0.00",",,W","0.0",",,W",,,"53",",,W","38",",,W","    1",",,W",,,,,,,,,,,"    1",",,W",,,,
"USW00014819","CHICAGO MIDWAY AIRPORT, IL US","41.78412","-87.75514","185.8","2023-01-12","0.00","T,,W","0.0",",,W",,,"45",",,W","35",",,W","    1",",,W",,,,,,,,,,,"    1",",,W",,,,
"USW00014819","CHICAGO MIDWAY AIRPORT, IL US","41.78412","-87.75514","185.8","2023-01-13","0.00","T,,W","0.0",",,W",,,"35",",,W","27",",,W","    1",",,W",,,,,,,,,,,,,,,,
"USW00014819","CHICAGO MIDWAY AIRPORT, IL US","41.78412","-87.75514","185.8","2023-01-14","0.00",",,W","0.0",",,W",,,"31",",,W","24",",,W",,,,,,,,,,,,,,,,,,
"USW00014819","CHICAGO MIDWAY AIRPORT, IL US","41.78412","-87.75514","185.8","2023-01-15","0.00",",,W","0.0",",,W",,,"43",",,W","26",",,W",,,,,,,,,,,,,,,,,,
"USW00014819","CHICAGO MIDWAY AIRPORT, IL US","41.78412","-87.75514","185.8","2023-01-16","0.15",",,W","0.0",",,W",,,"52",",,W","40",",,W","    1",",,W",,,,,,,,,,,,,,,,
"USW00014819","CHICAGO MIDWAY AIRPORT, IL US","41.78412","-87.75514","185.8","2023-01-17","0.00",",,W","0.0",",,W",,,"50",",,W","37",",,W","    1",",,W",,,,,,,,,,,"    1",",,W",,,,
"USW00014819","CHICAGO MIDWAY AIRPORT, IL US","41.78412","-87.75514","185.8","2023-01-18","0.25",",,W","0.0",",,W",,,"39",",,W","36",",,W","    1",",,W",,,,,,,,,,,,,,,,
"USW00014819","CHICAGO MIDWAY AIRPORT, IL US","41.78412","-87.75514","185.8","2023-01-19","0.10",",,W","0.0",",,W",,,"42",",,W","34",",,W","    1",",,W",,,,,,,,,,,,,,,,
"USW00014819","CHICAGO MIDWAY AIRPORT, IL US","41.78412","-87.75514","185.8","2023-01-20","0.00","T,,W","0.0",",,W",,,"35",",,W","30",",,W","    1",",,W",,,,,,,,,,,,,,,,
"USW00014819","CHICAGO MIDWAY AIRPORT, IL US","41.78412","-87.75514","185.8","2023-01-21","0.00",",,W","0.0",",,W",,,"32",",,W","28",",,W",,,,,,,,,,,,,,,,,,
"USW00014819","CHICAGO MIDWAY AIRPORT, IL US","41.78412","-87.75514","185.8","2023-01-22","0.02",",,W",,,,,"34",",,W","29",",,W","    1",",,W",,,,,,,,,,,,,,,,
"USW00014819","CHICAGO MIDWAY AIRPORT, IL US","41.78412","-87.75514","185.8","2023-01-23","0.00","T,,W",,,,,"32",",,W","22",",,W","    1",",,W",,,,,,,,,"    1",",,W",,,,,,
"USW00014819","CHICAGO MIDWAY AIRPORT, IL US","41.78412","-87.75514","185.8","2023-01-24","0.00",",,W",,,,,"37",",,W","28",",,W",,,,,,,,,,,,,,,,,,
"USW00014819","CHICAGO MIDWAY AIRPORT, IL US","41.78412","-87.75514","185.8","2023-01-25","0.21",",,W","2.0",",,W",,,"35",",,W","31",",,W","    1",",,W",,,,,,,,,,,,,,,,
"USW00014819","CHICAGO MIDWAY AIRPORT, IL US","41.78412","-87.75514","185.8","2023-01-26","0.01",",,W","1.2",",,W",,,"32",",,W","15",",,W","    1",",,W",,,,,,,,,,,,,,,,
"USW00014819","CHICAGO MIDWAY AIRPORT, IL US","41.78412","-87.75514","185.8","2023-01-27","0.03",",,W","1.2",",,W",,,"37",",,W","14",",,W","    1",",,W",,,,,,,,,"    1",",,W","    1",",,W",,,,
"USW00014819","CHICAGO MIDWAY AIRPORT, IL US","41.78412","-87.75514","185.8","2023-01-28","0.03",",,W","1.2",",,W",,,"31",",,W","20",",,W","    1",",,W",,,,,"    1",",,W",,,"    1",",,W","    1",",,W",,,,
"USW00014819","CHICAGO MIDWAY AIRPORT, IL US","41.78412","-87.75514","185.8","2023-01-29","0.01",",,W","1.2",",,W",,,"31",",,W","18",",,W","    1",",,W",,,,,"    1",",,W",,,"    1",",,W",,,,,,
"USW00014819","CHICAGO MIDWAY AIRPORT, IL US","41.78412","-87.75514","185.8","2023-01-30","0.00","T,,W","2.0",",,W",,,"19",",,W","6",",,W","    1",",,W",,,,,,,,,,,,,,,,
"USW00014819","CHICAGO MIDWAY AIRPORT, IL US","41.78412","-87.75514","185.8","2023-01-31","0.00",",,W","1.2",",,W",,,"14",",,W","3",",,W",,,,,,,,,,,,,,,,,,
"USW00014819","CHICAGO MIDWAY AIRPORT, IL US","41.78412","-87.75514","185.8","2023-02-01","0.00",",,W","1.2",",,W",,,"28",",,W","6",",,W",,,,,,,,,,,,,,,,,,
"USW00014819","CHICAGO MIDWAY AIRPORT, IL US","41.78412","-87.75514","185.8","2023-02-02","0.00",",,W","1.2",",,W",,,"34",",,W","12",",,W",,,,,,,,,,,,,,,,,,
"USW00014819","CHICAGO MIDWAY AIRPORT, IL US","41.78412","-87.75514","185.8","2023-02-03","0.00",",,W","1.2",",,W",,,"12",",,W","1",",,W",,,,,,,,,,,,,,,,,,
"USW00014819","CHICAGO MIDWAY AIRPORT, IL US","41.78412","-87.75514","185.8","2023-02-04","0.00",",,W","1.2",",,W",,,"43",",,W","12",",,W",,,,,,,,,,,,,,,,,,
"USW00014819","CHICAGO MIDWAY AIRPORT, IL US","41.78412","-87.75514","185.8","2023-02-05","0.00",",,W","0.0",",,W",,,"43",",,W","29",",,W",,,,,,,,,,,,,,,,,,
"USW00014819","CHICAGO MIDWAY AIRPORT, IL US","41.78412","-87.75514","185.8","2023-02-06","0.00",",,W","0.0",",,W",,,"47",",,W","23",",,W",,,,,,,,,,,,,,,,,,
"USW00014819","CHICAGO MIDWAY AIRPORT, IL US","41.78412","-87.75514","185.8","2023-02-07","0.00",",,W","0.0",",,W",,,"50",",,W","30",",,W",,,,,,,,,,,,,,,,,,
"USW00014819","CHICAGO MIDWAY AIRPORT, IL US","41.78412","-87.75514","185.8","2023-02-08","0.00","T,,W","0.0",",,W",,,"43",",,W","25",",,W",,,,,,,,,,,,,,,,,,
"USW00014819","CHICAGO MIDWAY AIRPORT, IL US","41.78412","-87.75514","185.8","2023-02-09","0.94",",,W","0.0",",,W",,,"47",",,W","36",",,W","    1",",,W",,,,,,,,,,,,,,,,
"USW00014819","CHICAGO MIDWAY AIRPORT, IL US","41.78412","-87.75514","185.8","2023-02-10","0.00",",,W","0.0",",,W",,,"40",",,W","26",",,W","    1",",,W",,,,,,,,,,,,,,,,
"USW00014819","CHICAGO MIDWAY AIRPORT, IL US","41.78412","-87.75514","185.8","2023-02-11","0.00",",,W","0.0",",,W",,,"47",",,W","23",",,W",,,,,,,,,,,,,,,,,,
"USW00014819","CHICAGO MIDWAY AIRPORT, IL US","41.78412","-87.75514","185.8","2023-02-12","0.00",",,W","0.0",",,W",,,"52",",,W","28",",,W",,,,,,,,,,,,,,,,,,
"USW00014819","CHICAGO MIDWAY AIRPORT, IL US","41.78412","-87.75514","185.8","2023-02-13","0.00",",,W","0.0",",,W",,,"53",",,W","34",",,W",,,,,,,,,,,,,,,,,,
"USW00014819","CHICAGO MIDWAY AIRPORT, IL US","41.78412","-87.75514","185.8","2023-02-14","0.09",",,W","0.0",",,W",,,"54",",,W","36",",,W","    1",",,W",,,,,,,,,,,,,,,,
"USW00014819","CHICAGO MIDWAY AIRPORT, IL US","41.78412","-87.75514","185.8","2023-02-15","0.21",",,W","0.0",",,W",,,"53",",,W","36",",,W","    1",",,W",,,,,,,,,,,,,,,,
"USW00014819","CHICAGO MIDWAY AIRPORT, IL US","41.78412","-87.75514","185.8","2023-02-16","0.27",",,W","0.0",",,W",,,"36",",,W","25",",,W","    1",",,W","    1",",,W",,,"    1",",,W",,,"    1",",,W",,,"    1",",,W",,
"USW00014819","CHICAGO MIDWAY AIRPORT, IL US","41.78412","-87.75514","185.8","2023-02-17","0.00","T,,W","1.2",",,W",,,"27",",,W","19",",,W",,,,,,,,,,,,,,,,,,
"USW00014819","CHICAGO MIDWAY AIRPORT, IL US","41.78412","-87.75514","185.8","2023-02-18","0.00",",,W","0.0",",,W",,,"46",",,W","24",",,W",,,,,,,,,,,,,,,,,,
"USW00014819","CHICAGO MIDWAY AIRPORT, IL US","41.78412","-87.75514","185.8","2023-02-19","0.00",",,W","0.0",",,W",,,"53",",,W","39",",,W",,,,,,,,,,,,,,,,,,
"USW00014819","CHICAGO MIDWAY AIRPORT, IL US","41.78412","-87.75514","185.8","2023-02-20","0.00",",,W","0.0",",,W",,,"46",",,W","30",",,W",,,,,,,,,,,,,,,,,,
"USW00014819","CHICAGO MIDWAY AIRPORT, IL US","41.78412","-87.75514","185.8","2023-02-21","0.00",",,W","0.0",",,W",,,"41",",,W","25",",,W",,,,,,,,,,,,,,,,,,
"USW00014819","CHICAGO MIDWAY AIRPORT, IL US","41.78412","-87.75514","185.8","2023-02-22","1.02",",,W","0.0",",,W",,,"36",",,W","34",",,W","    1",",,W",,,,,,,,,,,,,,,,
"USW00014819","CHICAGO MIDWAY AIRPORT, IL US","41.78412","-87.75514","185.8","2023-02-23","0.00","T,,W","0.0",",,W",,,"43",",,W","23",",,W","    1",",,W",,,,,,,,,,,,,,,,
"USW00014819","CHICAGO MIDWAY AIRPORT, IL US","41.78412","-87.75514","185.8","2023-02-24","0.01",",,W","0.0",",,W",,,"28",",,W","18",",,W","    1",",,W",,,,,,,,,,,,,,,,
"USW00014819","CHICAGO MIDWAY AIRPORT, IL US","41.78412","-87.75514","185.8","2023-02-25","0.01",",,W","1.2",",,W",,,"38",",,W","27",",,W",,,,,,,,,,,,,,,,,,
"USW00014819","CHICAGO MIDWAY AIRPORT, IL US","41.78412","-87.75514","185.8","2023-02-26","0.00",",,W","0.0",",,W",,,"50",",,W","28",",,W","    1",",,W",,,,,,,,,,,,,,,,
"USW00014819","CHICAGO MIDWAY AIRPORT, IL US","41.78412","-87.75514","185.8","2023-02-27","0.85",",,W","0.0",",,W",,,"59",",,W","39",",,W","    1",",,W",,,"    1",",,W",,,,,,,,,,,,
"USW00014819","CHICAGO MIDWAY AIRPORT, IL US","41.78412","-87.75514","185.8","2023-02-28","0.01",",,W","0.0",",,W",,,"51",",,W","37",",,W",,,,,,,,,,,,,,,,,,
"USW00014819","CHICAGO MIDWAY AIRPORT, IL US","41.78412","-87.75514","185.8","2023-03-01","0.04",",,W","0.0",",,W",,,"57",",,W","37",",,W",,,,,,,,,,,,,,,,,,
"USW00014819","CHICAGO MIDWAY AIRPORT, IL US","41.78412","-87.75514","185.8","2023-03-02","0.00",",,W","0.0",",,W",,,"38",",,W","34",",,W",,,,,,,,,,,,,,,,,,
"USW00014819","CHICAGO MIDWAY AIRPORT, IL US","41.78412","-87.75514","185.8","2023-03-03","0.00","T,,W","0.0",",,W",,,"39",",,W","32",",,W","    1",",,W",,,,,,,,,,,,,,,,
"USW00014819","CHICAGO MIDWAY AIRPORT, IL US","41.78412","-87.75514","185.8","2023-03-04","0.01",",,W","0.0",",,W",,,"50",",,W","28",",,W","    1",",,W",,,,,,,,,,,,,,,,
"USW00014819","CHICAGO MIDWAY AIRPORT, IL US","41.78412","-87.75514","185.8","2023-03-05","0.02",",,W","0.0",",,W",,,"49",",,W","30",",,W","    1",",,W",,,,,,,,,,,,,,,,
"USW00014819","CHICAGO MIDWAY AIRPORT, IL US","41.78412","-87.75514","185.8","2023-03-06","0.11",",,W","0.0",",,W",,,"56",",,W","38",",,W","    1",",,W",,,"    1",",,W",,,,,,,,,,,,
"USW00014819","CHICAGO MIDWAY AIRPORT, IL US","41.78412","-87.75514","185.8","2023-03-07","0.00",",,W","0.0",",,W",,,"44",",,W","36",",,W",,,,,,,,,,,,,,,,,,
"USW00014819","CHICAGO MIDWAY AIRPORT, IL US","41.78412","-87.75514","185.8","2023-03-08","0.00",",,W","0.0",",,W",,,"46",",,W","36",",,W",,,,,,,,,,,,,,,,,,
"USW00014819","CHICAGO MIDWAY AIRPORT, IL US","41.78412","-87.75514","185.8","2023-03-09","0.16",",,W","0.0",",,W",,,"41",",,W","33",",,W","    1",",,W",,,,,"    1",",,W",,,,,,,,,,
"USW00014819","CHICAGO MIDWAY AIRPORT, IL US","41.78412","-87.75514","185.8","2023-03-10","0.08",",,W","0.0",",,W",,,"37",",,W","33",",,W","    1",",,W",,,,,,,,,,,,,,,,
"USW00014819","CHICAGO MIDWAY AIRPORT, IL US","41.78412","-87.75514","185.8","2023-03-11","0.17",",,W","0.0",",,W",,,"39",",,W","33",",,W","    1",",,W",,,,,,,,,,,,,,,,
"USW00014819","CHICAGO MIDWAY AIRPORT, IL US","41.78412","-87.75514","185.8","2023-03-12","0.05",",,W","1.2",",,W",,,"37",",,W","30",",,W","    1",",,W",,,,,,,,,,,,,,,,
"USW00014819","CHICAGO MIDWAY AIRPORT, IL US","41.78412","-87.75514","185.8","2023-03-13","0.00","T,,W","0.0",",,W",,,"33",",,W","26",",,W","    1",",,W",,,,,,,,,,,,,,,,
"USW00014819","CHICAGO MIDWAY AIRPORT, IL US","41.78412","-87.75514","185.8","2023-03-14","0.00",",,W","0.0",",,W",,,"37",",,W","22",",,W",,,,,,,,,,,,,,,,,,
"USW00014819","CHICAGO MIDWAY AIRPORT, IL US","41.78412","-87.75514","185.8","2023-03-15","0.00",",,W","0.0",",,W",,,"50",",,W","25",",,W",,,,,,,,,,,,,,,,,,
"USW00014819","CHICAGO MIDWAY AIRPORT, IL US","41.78412","-87.75514","185.8","2023-03-16","0.17",",,W","0.0",",,W",,,"52",",,W","42",",,W","    1",",,W",,,,,,,,,,,,,,,,
"USW00014819","CHICAGO MIDWAY AIRPORT, IL US","41.78412","-87.75514","185.8","2023-03-17","0.06",",,W","0.0",",,W",,,"52",",,W","23",",,W","    1",",,W",,,,,,,,,,,,,,,,
"USW00014819","CHICAGO MIDWAY AIRPORT, IL US","41.78412","-87.75514","185.8","2023-03-18","0.00","T,,W","0.0",",,W",,,"26",",,W","13",",,W","    1",",,W",,,,,,,,,,,,,,,,
"USW00014819","CHICAGO MIDWAY AIRPORT, IL US","41.78412","-87.75514","185.8","2023-03-19","0.00",",,W","0.0",",,W",,,"41",",,W","19",",,W",,,,,,,,,,,,,,,,,,
"USW00014819","CHICAGO MIDWAY AIRPORT, IL US","41.78412","-87.75514","185.8","2023-03-20","0.00",",,W","0.0",",,W",,,"52",",,W","28",",,W",,,,,,,,,,,,,,,,,,
"USW00014819","CHICAGO MIDWAY AIRPORT, IL US","41.78412","-87.75514","185.8","2023-03-21","0.00","T,,W","0.0",",,W",,,"56",",,W","37",",,W",,,,,,,,,,,,,,,,,,
"USW00014819","CHICAGO MIDWAY AIRPORT, IL US","41.78412","-87.75514","185.8","2023-03-22","0.10",",,W","0.0",",,W",,,"53",",,W","41",",,W","    1",",,W",,,,,,,,,,,,,,,,
"USW00014819","CHICAGO MIDWAY AIRPORT, IL US","41.78412","-87.75514","185.8","2023-03-23","0.31",",,W","0.0",",,W",,,"49",",,W","37",",,W","    1",",,W",,,,,,,,,,,,,,,,
"USW00014819","CHICAGO MIDWAY AIRPORT, IL US","41.78412","-87.75514","185.8","2023-03-24","0.02",",,W","0.0",",,W",,,"45",",,W","37",",,W",,,,,,,"    1",",,W",,,,,,,,,,
"USW00014819","CHICAGO MIDWAY AIRPORT, IL US","41.78412","-87.75514","185.8","2023-03-25","0.37",",,W","0.0",",,W",,,"45",",,W","35",",,W","    1",",,W",,,,,,,,,,,,,,,,
"USW00014819","CHICAGO MIDWAY AIRPORT, IL US","41.78412","-87.75514","185.8","2023-03-26","0.14",",,W","0.0",",,W",,,"48",",,W","34",",,W","    1",",,W",,,"    1",",,W",,,,,,,,,,,,
"USW00014819","CHICAGO MIDWAY AIRPORT, IL US","41.78412","-87.75514","185.8","2023-03-27","0.00",",,W","0.0",",,W",,,"47",",,W","32",",,W",,,,,,,,,,,,,,,,,,
"USW00014819","CHICAGO MIDWAY AIRPORT, IL US","41.78412","-87.75514","185.8","2023-03-28","0.00",",,W","0.0",",,W",,,"52",",,W","30",",,W",,,,,,,,,,,,,,,,,,
"USW00014819","CHICAGO MIDWAY AIRPORT, IL US","41.78412","-87.75514","185.8","2023-03-29","0.00","T,,W","0.0",",,W",,,"43",",,W","30",",,W","    1",",,W",,,,,,,,,,,,,,,,
"USW00014819","CHICAGO MIDWAY AIRPORT, IL US","41.78412","-87.75514","185.8","2023-03-30","0.00",",,W",,,,,"58",",,W","27",",,W",,,,,,,,,,,,,,,,,,
"USW00014819","CHICAGO MIDWAY AIRPORT, IL US","41.78412","-87.75514","185.8","2023-03-31","0.23",",,W",,,,,"70",",,W","50",",,W","    1",",,W",,,"    1",",,W",,,,,,,"    1",",,W",,,,
"USW00014819","CHICAGO MIDWAY AIRPORT, IL US","41.78412","-87.75514","185.8","2023-04-01","0.06",",,W",,,,,"50",",,W","35",",,W","    1",",,W",,,,,,,,,,,"    1",",,W",,,,
"USW00014819","CHICAGO MIDWAY AIRPORT, IL US","41.78412","-87.75514","185.8","2023-04-02","0.00",",,W",,,,,"56",",,W","32",",,W",,,,,,,,,,,,,,,,,,
"USW00014819","CHICAGO MIDWAY AIRPORT, IL US","41.78412","-87.75514","185.8","2023-04-03","0.08",",,W",,,,,"61",",,W","45",",,W",,,,,,,,,,,,,,,,,,
"USW00014819","CHICAGO MIDWAY AIRPORT, IL US","41.78412","-87.75514","185.8","2023-04-04","0.37",",,W",,,,,"72",",,W","45",",,W","    1",",,W",,,"    1",",,W",,,,,,,,,,,,
"USW00014819","CHICAGO MIDWAY AIRPORT, IL US","41.78412","-87.75514","185.8","2023-04-05","0.12",",,W",,,,,"73",",,W","39",",,W",,,,,"    1",",,W",,,,,,,,,,,,
"USW00014819","CHICAGO MIDWAY AIRPORT, IL US","41.78412","-87.75514","185.8","2023-04-06","0.00",",,W",,,,,"54",",,W","33",",,W",,,,,,,,,,,,,,,,,,
"USW00014819","CHICAGO MIDWAY AIRPORT, IL US","41.78412","-87.75514","185.8","2023-04-07","0.00",",,W",,,,,"49",",,W","38",",,W",,,,,,,,,,,,,,,,,,
"USW00014819","CHICAGO MIDWAY AIRPORT, IL US","41.78412","-87.75514","185.8","2023-04-08","0.00",",,W",,,,,"64",",,W","38",",,W",,,,,,,,,,,,,,,,,,
"USW00014819","CHICAGO MIDWAY AIRPORT, IL US","41.78412","-87.75514","185.8","2023-04-09","0.00",",,W",,,,,"68",",,W","44",",,W",,,,,,,,,,,,,,,,,,
"USW00014819","CHICAGO MIDWAY AIRPORT, IL US","41.78412","-87.75514","185.8","2023-04-10","0.00",",,W",,,,,"71",",,W","48",",,W",,,,,,,,,,,,,,,,,,
"USW00014819","CHICAGO MIDWAY AIRPORT, IL US","41.78412","-87.75514","185.8","2023-04-11","0.00",",,W",,,,,"80",",,W","52",",,W",,,,,,,,,,,,,,,,,,
"USW00014819","CHICAGO MIDWAY AIRPORT, IL US","41.78412","-87.75514","185.8","2023-04-12","0.00",",,W",,,,,"83",",,W","59",",,W",,,,,,,,,,,,,,,,,,
"USW00014819","CHICAGO MIDWAY AIRPORT, IL US","41.78412","-87.75514","185.8","2023-04-13","0.00",",,W",,,,,"84",",,W","56",",,W",,,,,,,,,,,,,,,,,,
"USW00014819","CHICAGO MIDWAY AIRPORT, IL US","41.78412","-87.75514","185.8","2023-04-14","0.00",",,W",,,,,"84",",,W","56",",,W",,,,,,,,,,,,,,,,,,
"USW00014819","CHICAGO MIDWAY AIRPORT, IL US","41.78412","-87.75514","185.8","2023-04-15","0.09",",,W",,,,,"83",",,W","64",",,W",,,,,,,,,,,,,,,,,,
"USW00014819","CHICAGO MIDWAY AIRPORT, IL US","41.78412","-87.75514","185.8","2023-04-16","0.15",",,W",,,,,"64",",,W","35",",,W","    1",",,W",,,,,,,,,,,,,,,,
"USW00014819","CHICAGO MIDWAY AIRPORT, IL US","41.78412","-87.75514","185.8","2023-04-17","0.01",",,W",,,,,"40",",,W","32",",,W","    1",",,W",,,,,,,"    1",",,W",,,,,,,,
"USW00014819","CHICAGO MIDWAY AIRPORT, IL US","41.78412","-87.75514","185.8","2023-04-18","0.00",",,W",,,,,"59",",,W","33",",,W",,,,,,,,,,,,,,,,,,
"USW00014819","CHICAGO MIDWAY AIRPORT, IL US","41.78412","-87.75514","185.8","2023-04-19","0.08",",,W",,,,,"72",",,W","44",",,W",,,,,"    1",",,W",,,,,,,,,,,,
"USW00014819","CHICAGO MIDWAY AIRPORT, IL US","41.78412","-87.75514","185.8","2023-04-20","0.10",",,W",,,,,"81",",,W","49",",,W",,,,,"    1",",,W",,,,,,,,,,,,
"USW00014819","CHICAGO MIDWAY AIRPORT, IL US","41.78412","-87.75514","185.8","2023-04-21","0.00","T,,W",,,,,"63",",,W","45",",,W",,,,,,,,,,,,,,,,,,
"USW00014819","CHICAGO MIDWAY AIRPORT, IL US","41.78412","-87.75514","185.8","2023-04-22","0.03",",,W",,,,,"47",",,W","38",",,W",,,,,,,,,,,,,,,,,,
"USW00014819","CHICAGO MIDWAY AIRPORT, IL US","41.78412","-87.75514","185.8","2023-04-23","0.00",",,W",,,,,"42",",,W","36",",,W",,,,,,,,,,,,,,,,,,
"USW00014819","CHICAGO MIDWAY AIRPORT, IL US","41.78412","-87.75514","185.8","2023-04-24","0.01",",,W",,,,,"54",",,W","35",",,W",,,,,,,,,,,,,,,,,,
"USW00014819","CHICAGO MIDWAY AIRPORT, IL US","41.78412","-87.75514","185.8","2023-04-25","0.18",",,W",,,,,"48",",,W","34",",,W","    1",",,W",,,,,,,,,,,"    1",",,W",,,,
"USW00014819","CHICAGO MIDWAY AIRPORT, IL US","41.78412","-87.75514","185.8","2023-04-26","0.00",",,W",,,,,"50",",,W","34",",,W",,,,,,,,,,,,,,,,,,
"USW00014819","CHICAGO MIDWAY AIRPORT, IL US","41.78412","-87.75514","185.8","2023-04-27","0.00",",,W",,,,,"67",",,W","38",",,W",,,,,,,,,,,,,,,,,,
"USW00014819","CHICAGO MIDWAY AIRPORT, IL US","41.78412","-87.75514","185.8","2023-04-28","0.00",",,W",,,,,"61",",,W","47",",,W",,,,,,,,,,,,,,,,,,
"USW00014819","CHICAGO MIDWAY AIRPORT, IL US","41.78412","-87.75514","185.8","2023-04-29","0.11",",,W",,,,,"59",",,W","42",",,W","    1",",,W",,,"    1",",,W",,,,,,,,,,,,
"USW00014819","CHICAGO MIDWAY AIRPORT, IL US","41.78412","-87.75514","185.8","2023-04-30","0.16",",,W",,,,,"50",",,W","40",",,W","    1",",,W",,,,,,,,,,,,,,,,
